songId	title	author	category	segmentOrder
LSEB_1	1. Di Hadapan Hadirat-Mu	Isaac Watts	Lagu Sion	[0,1,2,3]
LSEB_2	2. Hai Segnap Ciptaan Tuhan	Francis of assisi	Lagu Sion	[0,1,2,3]
LSEB_3	3. Tuhan Allah Hadir	Gerhand Tersteegen	Lagu Sion	[0,1,2]
LSEB_4	4. Puji Tuhan	Joachim Neander	Lagu Sion	[0,1,2]
LSEB_5	5. Kasih Surga Yang Terindah	Charles Wesley	Lagu Sion	[0,1,2,3]
LSEB_6	6. Tuhan Raja Di Sion	Fanny J. Crosby	Lagu Sion	[0,1,2]
LSEB_7	7. Kita Berhimpun	Theodore Baker	Lagu Sion	[0,1,2]
LSEB_8	8. Sembahlah Tuhan	J. S. B Monsell	Lagu Sion	[0,1,2,3]
LSEB_9	9. Hai Kristen Nyanyilah	Christian Henry Bateman	Lagu Sion	[0,1,2]
LSEB_10	10. Betapa Teguhnya	Rippson Selection	Lagu Sion	[0,1,2,3,4]
LSEB_11	11. Dengan Riang Kami Puji	Henry Van Dyke	Lagu Sion	[0,1,2]
LSEB_12	12. Nyanyikanlah Kidung Yang Baru	Erik Routey	Lagu Sion	[0,1,2]
LSEB_13	13. Suci, Suci, Suci	Reginald Heber	Lagu Sion	[0,1,2,3]
LSEB_14	14. Jika Kiranya Lidahku	Samuel Medley	Lagu Sion	[0,1,2,3]
LSEB_15	15. Aku Senang Mencritakan	Elisabeth Mills	Lagu Sion	[0,1,2,3]
LSEB_16	16. Tuhan Bertakhta Di Surga	Oliver Wandell Holmes	Lagu Sion	[0,1,2,3,4]
LSEB_17	17. Tuhan Lindungilah Kami	E. Halstead	Lagu Sion	[0]
LSEB_18	18. Pujilah Allah	Henry W. Baker	Lagu Sion	[0,1,2,3]
LSEB_19	19. Hati Yesus Penuh	Alice Pugh	Lagu Sion	[0,1,2,3]
LSEB_20	20. Kidung Yang Baru	Scotis Psalter	Lagu Sion	[0,1,2,3]
LSEB_21	21. Pada-Mu Allah Ku Puji	William Kethe	Lagu Sion	[0,1,2,3]
LSEB_22	22. Hai Jiwaku Bangun Segra	Philip Doddridge	Lagu Sion	[0,1,2,3]
LSEB_23	23. Allah Yang Abadi	Walter Chalmer Smith	Lagu Sion	[0,1,2,3]
LSEB_24	24. Dengar Lonceng Berdentang	K. E. Roberts	Lagu Sion	[0,1,2]
LSEB_25	25. Puji Tuhan Yang Mulia	Henry Francis Lyte	Lagu Sion	[0,1,2]
LSEB_26	26. Puji Tuhan Hai Manusia	Edward Osler	Lagu Sion	[0,1,2]
LSEB_27	27. Mari Umat Allah		Lagu Sion	[0,1,2,3,4,5,6,7,8,9]
LSEB_28	28. Kami Mau Lihat Yesus Juruselamat	Anna B. Werner	Lagu Sion	[0,1,2,3]
LSEB_29	29. Puji Allah Yang Bertakhta	Johann J. Schutz	Lagu Sion	[0,1,2,3]
LSEB_30	30. Kuduslah Nama Tuhan	German 18th Century	Lagu Sion	[0,1,2]
LSEB_31	31. Critakan Keagungan Tuhanmu	Timothy Dudley-Smith	Lagu Sion	[0,1,2,3]
LSEB_32	32. Sembah Sujudlah Umat-Nya	Isaac Watts	Lagu Sion	[0,1,2,3]
LSEB_33	33. Nyanyikan Dengan Gembira	W. F. Sherwin	Lagu Sion	[0,1,2,3,4,5]
LSEB_34	34. Semua Makhluk Puji Tuhan	Katherine K. Davis	Lagu Sion	[0,1]
LSEB_35	35. Yesus Bagaikan Gembala	William Bradbury	Lagu Sion	[0,1,2]
LSEB_36	36. Menyanyilah Hai Jiwaku	Julius Krohn	Lagu Sion	[0,1,2]
LSEB_37	37. Waktu Pagi Ya Tuhanku	Isaac Watts	Lagu Sion	[0,1,2,3]
LSEB_38	38. Mari Puji Nama Yesus	Edward Perronet	Lagu Sion	[0,1,2,3]
LSEB_39	39. Puji Syukur Bagi-Nya	John Milton	Lagu Sion	[0,1,2,3]
LSEB_40	40. Tuhan, Pimpinlah Aku	Frank M. Davis	Lagu Sion	[0,1,2]
LSEB_41	41. Sambutlah Sabat Tuhan	Ada Cross	Lagu Sion	[0,1,2,3]
LSEB_42	42. Di Dalam Kasih Allah	Anna L. Waring	Lagu Sion	[0,1,2]
LSEB_43	43. Slamat Malam	F. E. Belden	Lagu Sion	[0,1,2]
LSEB_44	44. Allah Khalik Langit, Bumi	Reginal Heber (1983-18260)	Lagu Sion	[0,1,2,3]
LSEB_45	45. Tlah Hampir Malam	Henry F. Lyte	Lagu Sion	[0,1,2,3]
LSEB_46	46. Matahari Terbenam	Mary A. Lathbury	Lagu Sion	[0,1,2,3]
LSEB_47	47. Dengan Lembut Trang Siang	George W. Doanne	Lagu Sion	[0,1,2]
LSEB_48	48. Siang Sudah Lalu	Sabine Baring-Gould	Lagu Sion	[0,1,2]
LSEB_49	49. Yesus Berkati Kami	James Edmesion	Lagu Sion	[0,1,2,3]
LSEB_50	50. Yesus Gembala, Dengarlah	Mrs. Mary Duncan	Lagu Sion	[0,1]
LSEB_51	51. Di Sini Yehovah Hadir	Fred Pratt Green	Lagu Sion	[0,1,2,3]
LSEB_52	52. Betapa Indah Rumah-Mu	Scotish Psalter	Lagu Sion	[0,1,2,3,4]
LSEB_53	53. Kita Berkumpul Bersatu	Fred Pratt Green	Lagu Sion	[0,1,2,3]
LSEB_54	54. Harap Allah Beserta Kamu	Jeremiah E. Rankin	Lagu Sion	[0,1,2,3]
LSEB_55	55. Ya Allah Berkati Kami	John Fawcen	Lagu Sion	[0,1]
LSEB_56	56. Ya Tuhan, Iringlah Kami	J. Ellerto	Lagu Sion	[0,1,2]
LSEB_57	57. Muliakan Tuhan Allah	H. W. Greatorex	Lagu Sion	[0]
LSEB_58	58. Majulah Berjalan	J. S. B Monsel	Lagu Sion	[0,1]
LSEB_59	59. Tuhan Jadikanlah Kami Lebih Suci	American Negro Spritual	Lagu Sion	[0,1,2,3]
LSEB_60	60. Pada Akhir Kebaktian Ini	John Ellerton	Lagu Sion	[0,1,2]
LSEB_61	61. Ya, Tuhanku ,Tuntun Aku berjalan	Harry Armstrong	Lagu Sion	[0,1,2,3]
LSEB_62	62. Lebih Besar Dari Kasih Ibu	Alfred H. Ackley	Lagu Sion	[0,1,2]
LSEB_63	63. Sembilan Puluh Sembilan	Elizabeth C. Clephane	Lagu Sion	[0,1,2,3]
LSEB_64	64. Tiada Lain Pelindung Seperti Yesus	C. F Weigle	Lagu Sion	[0,1,2]
LSEB_65	65. Pujilah Bapa	Elizabeth Rundle Charles	Lagu Sion	[0,1,2]
LSEB_66	66. Itu Nyata Di Hatiku	Arthur Slater	Lagu Sion	[0,1,2]
LSEB_67	67. Lama Tlah Dirindu	E. A. H	Lagu Sion	[0,1,2]
LSEB_68	68. Bapa, Kami Datang	F. E. Belden	Lagu Sion	[0,1,2]
LSEB_69	69. Ku Mendengar Suara Tuhan	Horatius Bonar	Lagu Sion	[0,1,2]
LSEB_70	70. Sempurna Dan Mulia	Frances R. Havergal	Lagu Sion	[0,1,2]
LSEB_71	71. Ajaiblah Terbenamnya Mentari	George Beverly Shea	Lagu Sion	[0,1]
LSEB_72	72. Besar Kasih-Mu Ya Allah	George Matheson	Lagu Sion	[0,1,2,3]
LSEB_73	73. Kasih Allah	Claudia Lehman Mays	Lagu Sion	[0,1,2]
LSEB_74	74. Karna Demikian Besar Kasih-Nya	August D. Rische	Lagu Sion	[0,1,2,3]
LSEB_75	75. Bersukacitalah, Tuhan Raja Surga	Charles Wesley	Lagu Sion	[0,1,2,3]
LSEB_76	76. Bapa Kekal Yang Slamatkan	William Whiting	Lagu Sion	[0,1,2,3]
LSEB_77	77. Ya Tuhanku Sungguh Ku Terpesona	Stuart K. Hine	Lagu Sion	[0,1,2,3]
LSEB_78	78. Tuhan Atas Sgala Bangsa	Olive Wise Spannus	Lagu Sion	[0,1,2,3,4]
LSEB_79	79. Ku Puji Tuhan Yang Ciptakan	Issac Watts	Lagu Sion	[0,1,2]
LSEB_80	80. Segnap Bumi Bersoraklah	Isaac Watts	Lagu Sion	[0,1,2]
LSEB_81	81. Hai Mlaikat Suci Di Surga	Athestan Riley	Lagu Sion	[0,1,2]
LSEB_82	82. Hai, Dengarlah Kisah Ajaib	James M. Gray	Lagu Sion	[0,1,2]
LSEB_83	83. Alam Indah Cemerlang	Cecil F. Alexander	Lagu Sion	[0,1,2,3]
LSEB_84	84. Musim Semi Tlah Datang	Oxford Book of Carols	Lagu Sion	[0,1,2]
LSEB_85	85. Sungguh Luas Cakrawala	Joseph Addison	Lagu Sion	[0,1,2]
LSEB_86	86. Sembahlah Allah Yang Maha Mulia	Robert Grant	Lagu Sion	[0,1,2,3]
LSEB_87	87. Dapatkah Kau Hitung Semua Bintang	Wilhelm Hey	Lagu Sion	[0,1,2]
LSEB_88	88. Tuhan Pliharakan	Civilla D. Martin	Lagu Sion	[0,1,2,3]
LSEB_89	89. Besarlah Ya Tuhan Kasih Setia-Mu	Thomas O.Chisolm	Lagu Sion	[0,1,2]
LSEB_90	90. Umat Allah Yang Pengasih	Carolina Sandel Berg	Lagu Sion	[0,1,2,3,4]
LSEB_91	91. Gembalaku, Penolongku	Isaac Watts	Lagu Sion	[0,1,2]
LSEB_92	92. Besarlah Anugrah Tuhan	Frederick W. Faber	Lagu Sion	[0,1,2,3]
LSEB_93	93. Rahmat Tuhan	Julia H.Johnston	Lagu Sion	[0,1,2]
LSEB_94	94. Oh Tuhan Perteduhanku	Isaac Watts	Lagu Sion	[0,1,2,3,4]
LSEB_95	95. Fajar Harapan Segra Menjelang	S. J. Graham	Lagu Sion	[0,1,2,3]
LSEB_96	96. Limpah Rahmat Allah	William W. How	Lagu Sion	[0,1,2,3]
LSEB_97	97. Betapa Manisnya Kabar Yesus	John .R. Thomas	Lagu Sion	[0,1,2,3]
LSEB_98	98. Sungguh Ajaib Anugrah-Mu	I Chron	Lagu Sion	[0,1,2,3,4]
LSEB_99	99. Bapaku Maha Kuasa	John W.Peterson	Lagu Sion	[0,1,2]
LSEB_100	100. Marilah Bersukacita	Fanny J. Crosby	Lagu Sion	[0,1,2,3]
LSEB_101	101. O, Datanglah Imanuel	John M. Neale (1818-1866)	Lagu Sion	[0,1,2]
LSEB_102	102. Ada Lagu Merdu	Josia G. Holland	Lagu Sion	[0,1,2,3]
LSEB_103	103. Malam Natal	Trad Enlish Carol C	Lagu Sion	[0,1,2,3,4]
LSEB_104	104. Kedatangan Tuhan	Charles Coffin	Lagu Sion	[0,1,2,3]
LSEB_105	105. Dengar Malaikat Nyanyi	Charles Wesley	Lagu Sion	[0,1,2]
LSEB_106	106. Hai Malaikat Surga Mulia	James Monigomery	Lagu Sion	[0,1,2,3]
LSEB_107	107. Pergilah Dan Kabarkan	American Negro Spritual	Lagu Sion	[0,1,2]
LSEB_108	108. Di Dalam Palungan	Little Children's Book	Lagu Sion	[0,1,2]
LSEB_109	109. Di Malam Cerah Bergema	Edmund H. Sears	Lagu Sion	[0,1,2]
LSEB_110	110. Pandanglah Bunga Mawar	Theodore Baker	Lagu Sion	[0,1]
LSEB_111	111. Mari Umat Tuhan	Frederick Oakeley	Lagu Sion	[0,1,2]
LSEB_112	112. Tlah Lahir Yesus Yang Kudus	Traditional French Carol	Lagu Sion	[0,1]
LSEB_113	113. Tiga Raja Dari Timur	John H. Hopkins	Lagu Sion	[0,1,2,3,4]
LSEB_114	114. Kesukaan Bagi Dunia	Isaac Watts	Lagu Sion	[0,1,2,3]
LSEB_115	115. Hai Betlehem Yang Senyap	Philips Brooks	Lagu Sion	[0,1,2,3]
LSEB_116	116. Kau Tinggalkan Takhta Surga	Emily E. S. Elliot	Lagu Sion	[0,1,2,3,4]
LSEB_117	117. Dengar Suara Malaikat	Adapt. by Earl Marlatt	Lagu Sion	[0,1,2,3]
LSEB_118	118. Kala Gembala Menjaga	Nahum Tate	Lagu Sion	[0,1,2,3,4,5]
LSEB_119	119. Siapa Bayi Yang Berbaring	William C. Dix	Lagu Sion	[0,1,2]
LSEB_120	120. Malam Kudus, Sunyi Senyap	Joseph Mohr	Lagu Sion	[0,1,2]
LSEB_121	121. Siapa Dia Nun Di Sana?	Benyamin R. Hanby	Lagu Sion	[0,1,2,3,4,5,6]
LSEB_122	122. Bila Ku Renungkan	Jemima Luke	Lagu Sion	[0,1,2]
LSEB_123	123. Critakanlah Kisah Yesus	Fanny J. Crosby	Lagu Sion	[0,1,2]
LSEB_124	124. Yesus Berjalan Sendiri	American White Spritual	Lagu Sion	[0,1,2]
LSEB_125	125. Dahulu Di Kota Daud	Cecil Frances Alexander	Lagu Sion	[0,1,2,3]
LSEB_126	126. Kepala-Mu Yang Luka	Bernard of Clairvaux	Lagu Sion	[0,1,2]
LSEB_127	127. Salib Di Bukit Golgota	George Bennard	Lagu Sion	[0,1,2,3]
LSEB_128	128. Aku Mau Hidup Bagi Yesusku	T. O. Chisholm	Lagu Sion	[0,1,2]
LSEB_129	129. Aku Tlah Mati Bersama Yesus	Frances Ridley Havergal	Lagu Sion	[0,1,2,3]
LSEB_130	130. Bila Ku Pandang Salib-Mu	Isaac Watts	Lagu Sion	[0,1,2,3]
LSEB_131	131. Renungkanlah Tuhan	American Negro Spiritual	Lagu Sion	[0,1,2,3,4]
LSEB_132	132. Penebus Bangkit Sudah	Charles Wesley	Lagu Sion	[0,1,2,3]
LSEB_133	133. Pandanglah Penebus Kita	Thomas Kelly	Lagu Sion	[0,1,2,3]
LSEB_134	134. Kebenaran-Mu, Darah-Mu	Nicolaus L. Von Zinzerdorf	Lagu Sion	[0,1,2,3]
LSEB_135	135. Haleluya! Puji Yesus	William C. Dix	Lagu Sion	[0,1,2]
LSEB_136	136. Sungguh Mulia Dan Cemerlang	Howard C. Robbins	Lagu Sion	[0,1]
LSEB_137	137. Yesus Tlah Menang	Edmond Budry	Lagu Sion	[0,1,2]
LSEB_138	138. Tidur Tenang Dalam Yesus	Margaret Mackay	Lagu Sion	[0,1,2,3]
LSEB_139	139. Marilah Yang Setiawan	John M. Neale	Lagu Sion	[0,1,2]
LSEB_140	140. Tak kan Lama Lagi	Horatius Bonar	Lagu Sion	[0,1,2,3]
LSEB_141	141. Perjuangan Berakhirlah	Francis Pott	Lagu Sion	[0,1,2,3]
LSEB_142	142. Sambutlah Kebangkitan-Nya	Charles Wesley	Lagu Sion	[0,1,2,3]
LSEB_143	143. Tirai Tlah Dibuka-Nya	N. B. Herrel	Lagu Sion	[0,1,2]
LSEB_144	144. Adakah Yesus Lindung Aku	Frank E. Graceff	Lagu Sion	[0,1,2]
LSEB_145	145. Ku Akan Menyanyikan	F. E. Belden	Lagu Sion	[0,1,2]
LSEB_146	146. Tuhanku Berkata	Mrs. Elvina M. Hall	Lagu Sion	[0,1,2,3]
LSEB_147	147. Yesus Harta Yang Terindah	Will L. Thompson	Lagu Sion	[0,1,2,3]
LSEB_148	148. Padaku Ada Sahabat	J. G. Small	Lagu Sion	[0,1,2,3]
LSEB_149	149. Siapa Yang Dapat Menghibur	Thoro Harris	Lagu Sion	[0,1,2,3]
LSEB_150	150. Segra Datang Hujan Berkat	Daniel W. Whittle	Lagu Sion	[0,1,2,3]
LSEB_151	151. Gembala Agung, Engkau Milikku	Herbert Work	Lagu Sion	[0,1,2]
LSEB_152	152. Kristus Hidup! Bernyanyilah	Brian Wren	Lagu Sion	[0,1,2,3]
LSEB_153	153. Tuhan Terangku	James Nicholson	Lagu Sion	[0,1,2,3]
LSEB_154	154. Jaga, Sedia	S. M. H	Lagu Sion	[0,1,2]
LSEB_155	155. Dapatkah Aku Disucikan?	Charles Wesley	Lagu Sion	[0,1,2,3]
LSEB_156	156. Kasih Yesus Padaku	Anna B. Warner	Lagu Sion	[0,1,2]
LSEB_157	157. Tuhan kan Datang Segra	Mary A. Steward	Lagu Sion	[0,1,2,3]
LSEB_158	158. Kristus Datang Segra	John R. Mac Duff	Lagu Sion	[0,1,2]
LSEB_159	159. Tak Lama Lagi Masuk Surga	Eliza E. Hewitt	Lagu Sion	[0,1,2,3]
LSEB_160	160. Mungkin Saja Saat Fajar Merekah	H. L. Tuner	Lagu Sion	[0,1,2]
LSEB_161	161. Ku Mau Sedia	Harold A. Miller	Lagu Sion	[0,1]
LSEB_162	162. Muka Dengan Muka Nanti	Mrs. Frank A. Breck	Lagu Sion	[0,1,2,3]
LSEB_163	163. Angkat Nafiri	Jessie E. Strout	Lagu Sion	[0,1,2,3,4]
LSEB_164	164. Tiada Lagi Lembah Kegelapan	William O. Cushing	Lagu Sion	[0,1,2]
LSEB_165	165. Tiga Kebenaran	Fred Pratt Green	Lagu Sion	[0,1,2]
LSEB_166	166. Kedatangan Tuhan Tlah Dekat	G. W. Sederquist	Lagu Sion	[0,1,2,3]
LSEB_167	167. Hari Yang Mulia Akan Tiba	A. H. Ackley	Lagu Sion	[0,1]
LSEB_168	168. Kita Memiliki Pengharapan	Wayne Hooper	Lagu Sion	[0,1]
LSEB_169	169. Bila Trompet Allah Berbunyi	J. M. Black	Lagu Sion	[0,1,2]
LSEB_170	170. Akan Berkumpulkah Kita	Robert Lowry	Lagu Sion	[0,1,2,3]
LSEB_171	171. Kita Dijamu Oleh Raja	J. E. Landor	Lagu Sion	[0,1,2,3]
LSEB_172	172. Di Seluruh Dunia Nyatalah	W. C Cage	Lagu Sion	[0,1,2,3]
LSEB_173	173. Pada Waktu Penuaian	L. D Santee	Lagu Sion	[0,1,2,3]
LSEB_174	174. Kristus Tlah Ada Di Pintu	F. E. Belden	Lagu Sion	[0,1,2,3]
LSEB_175	175. Yesuslah Penyembuh Agung	William Hunter	Lagu Sion	[0,1,2,3]
LSEB_176	176. Kasih Allah Benar dan teguh	Horatius Bonar	Lagu Sion	[0,1,2,3]
LSEB_177	177. Hormat Dan Puji Bagi-Mu	Theodulph of Orleans	Lagu Sion	[0,1,2]
LSEB_178	178. Ku Kasih Pada-Mu Ya Yesus Tuhanku	Ingall's Christian Harmony	Lagu Sion	[0,1,2,3]
LSEB_179	179. Yesus Terindah	Gesangbuch, munster	Lagu Sion	[0,1,2]
LSEB_180	180. Jika Ku Mengenang Tuhan	Bernard of Clairvaux	Lagu Sion	[0,1,2,3]
LSEB_181	181. Di Salib Kristus Ku Puji	John Bowring	Lagu Sion	[0,1,2,3]
LSEB_182	182. Kunyanyikan Hal Yesus	Fanny J. Crosby	Lagu Sion	[0,1,2]
LSEB_183	183. Ku Ingin Tahu Kasih Yesus	Eliza E. Hewitt	Lagu Sion	[0,1,2,3]
LSEB_184	184. Layaklah Domba Allah	Anonymous	Lagu Sion	[0,1,2]
LSEB_185	185. Oh Ku Kasih Tuhan	Frederick Whitfield	Lagu Sion	[0,1,2]
LSEB_186	186. Puji Dia, Yesus Juruslamat	Fanny J. Crosby	Lagu Sion	[0,1,2]
LSEB_187	187. Beribu Lidah Bernyanyi	Charles Wesley	Lagu Sion	[0,1,2,3,4,5]
LSEB_188	188. Ku Sembah Juruslamat	Alfred H. Akley	Lagu Sion	[0,1,2]
LSEB_189	189. Pandanglah Yesus, Ya Bapaku	F. E Belden	Lagu Sion	[0,1,2,3]
LSEB_190	190. Nyanyikanlah Lagu Surga	James Montgomery	Lagu Sion	[0,1,2,3,4]
LSEB_191	191. Tiada Nama Sperti Yesus	F. E. Belden	Lagu Sion	[0,1,2,3,4]
LSEB_192	192. Ya Roh Suci Yang Benar	M. M Wells	Lagu Sion	[0,1,2]
LSEB_193	193. Roh Suci Tuntunlah Aku	Elwood H. Stokes	Lagu Sion	[0,1,2,3]
LSEB_194	194. Ya Roh Kudus Isilah Hatiku	George Croly	Lagu Sion	[0,1,2,3,4]
LSEB_195	195. Sungguh Indah Roh Suci	Doris Akers	Lagu Sion	[0,1]
LSEB_196	196. Oh Nyala Api Roh Kudus	William H. Bathurst	Lagu Sion	[0,1,2,3,4]
LSEB_197	197. Aku Dengar Hujan Berkat	Elizabeth Codner	Lagu Sion	[0,1,2,3]
LSEB_198	198. Brilah Roh-Mu Tuhan	Edwin Hatch	Lagu Sion	[0,1,2,3]
LSEB_199	199. Roh Kudus Terang Allah	Andrew Reed	Lagu Sion	[0,1,2,3]
LSEB_200	200. Brilah Padaku Alkitab Yang Suci	Priscilla J. Owens	Lagu Sion	[0,1,2,3]
LSEB_201	201. Tuhan, Kupilih Firman-Mu	Isaac Watts	Lagu Sion	[0,1,2,3]
LSEB_202	202. Walau Ku Berbahasa Malaikat	Fred Pratt Green	Lagu Sion	[0,1,2]
LSEB_203	203. Firman-Mu Pelita	Wihla Hutson	Lagu Sion	[0]
LSEB_204	204. Brikanlah, Ya Tuhan	Mary A. Lathbury	Lagu Sion	[0,1,2]
LSEB_205	205. Apakah Engkau Susah	Helen H. Lemmel	Lagu Sion	[0,1,2]
LSEB_206	206. Marilah Orang Berdosa	J. H. Stockton	Lagu Sion	[0,1,2,3]
LSEB_207	207. Ku Srahkan Hidupku	Frances, Ridley H.	Lagu Sion	[0,1,2]
LSEB_208	208. Suaramu Ku Dengar	L. Hartsough	Lagu Sion	[0,1,2,3]
LSEB_209	209. Yesus Sedang Berdiri	William Walshaham	Lagu Sion	[0,1,2]
LSEB_210	210. Padaku Ada Juruslamat	Samuel O'Malley Chiff	Lagu Sion	[0,1,2,3]
LSEB_211	211. Aku Mau Turut, Ya Tuhan	James Lawson	Lagu Sion	[0,1,2,3,4]
LSEB_212	212. Sabda Hidup Kekal	P. P. Bliss	Lagu Sion	[0,1,2]
LSEB_213	213. Dengan Lembut Dan Merdu	Will L. Thompson	Lagu Sion	[0,1,2]
LSEB_214	214. Yesus Menunggu	Ralph Garmichael	Lagu Sion	[0,1]
LSEB_215	215. Ya Tuhan, Engkau Tlah Mati	Sylvanus D. Phelps	Lagu Sion	[0,1,2,3]
LSEB_216	216. Yesus Panggil Engkau Pulang	Fanny J. Crosby	Lagu Sion	[0,1,2,3]
LSEB_217	217. Ya Yesus, Yang Penuh Kasih	Annie R. Smith	Lagu Sion	[0,1,2,3]
LSEB_218	218. Lenyap Nafsu Dunia	Mrs. Catherine J. Bonar	Lagu Sion	[0,1,2,3]
LSEB_219	219. Yesus Batu Zaman	William O. Cushing	Lagu Sion	[0,1,2]
LSEB_220	220. Haruskah Yesus Sendiri?	Thomas Shepherd	Lagu Sion	[0,1,2]
LSEB_221	221. Aku Datang Skarang Yesus	W. T. Sleeper	Lagu Sion	[0,1,2,3]
LSEB_222	222. Kuasa Dalam Darah-Nya	Lewis. E Jones	Lagu Sion	[0,1,2]
LSEB_223	223. Yesus Panggil, Aku Ikut	Howard L. Brown	Lagu Sion	[0,1,2]
LSEB_224	224. Apa Kita Hidup Dekat Yesus?	Mrs. C. H. Morris	Lagu Sion	[0,1,2]
LSEB_225	225. Hampir Percaya	P. P Bliss	Lagu Sion	[0,1,2]
LSEB_226	226. Ku Pulang Ke Rumah	William J. Kirkpatrick	Lagu Sion	[0,1,2,3,4]
LSEB_227	227. Yesus Yang Penuh Kasih	Joseph P. Holbrook	Lagu Sion	[0,1,2,3]
LSEB_228	228. Ku Bawa Pada Yesus	Horatius Bonar	Lagu Sion	[0,1,2,3,4]
LSEB_229	229. Janganlah Bersedih	LS. Edisi Baru	Lagu Sion	[0,1,2]
LSEB_230	230. Ajaiblah Yesus, Juruselamatku	Fanny J. Crosby	Lagu Sion	[0,1,2,3]
LSEB_231	231. Meski Aku Durhaka	McComb	Lagu Sion	[0,1,2]
LSEB_232	232. Di Tempat Yang Lebih Tinggi	Johnson Oatman, Jr.	Lagu Sion	[0,1,2,3]
LSEB_233	233. Ku Datang Hampir Kepada-Mu	Mrs. C. H. Morris	Lagu Sion	[0,1,2,3]
LSEB_234	234. Raja Kekal, Pimpinlah	Ernest W. Shurtleff	Lagu Sion	[0,1,2]
LSEB_235	235. Di Bawah Salib Yesus	Elizabeth C. Clephane	Lagu Sion	[0,1,2]
LSEB_236	236. Iman Orang Saleh Kekal	Frederick W. Feeber	Lagu Sion	[0,1,2]
LSEB_237	237. Jadikan Aku Milik-Mu, Tuhan	Fanny J. Crosby	Lagu Sion	[0,1,2]
LSEB_238	238. Ke Salib Aku Datang	William McDonald	Lagu Sion	[0,1,2,3]
LSEB_239	239. Aku Mau Menjadi Milik-Mu	F. E. Belden	Lagu Sion	[0,1,2]
LSEB_240	240. Berserah Kepada Yesus	J. W. Van De Venter	Lagu Sion	[0,1,2]
LSEB_241	241. Ku Mau Dekat Pada Yesus	Robert Harkness	Lagu Sion	[0,1,2]
LSEB_242	242. Ku Mau Sperti Yesus	James Rowe	Lagu Sion	[0,1,2,3]
LSEB_243	243. Tarik Aku, Ya Yesus	Fanny J. Crosby	Lagu Sion	[0,1,2,3]
LSEB_244	244. Hiduplah Dalam Aku	Francess Ridley Havergal	Lagu Sion	[0,1,2,3]
LSEB_245	245. Pimpin Ku Ke Salib	Jennie E. Hussey	Lagu Sion	[0,1,2,3]
LSEB_246	246. Yesus, Aku Rindu Jadi Suci	James Nicholson	Lagu Sion	[0,1,2,3]
LSEB_247	247. Aku Mau Menjadi Kristen	American Negro Spiritual	Lagu Sion	[0,1,2,3,4]
LSEB_248	248. Ku Kasih Padamu	William Ralf Featherstone	Lagu Sion	[0,1,2,3]
LSEB_249	249. Tiada Yang Lain	Charles A. Tindley	Lagu Sion	[0,1,2]
LSEB_250	250. Yesus, Ku Pikul Salibku	Henry F. Lyte	Lagu Sion	[0,1,2,3]
LSEB_251	251. Buka Mataku, Ya Tuhan	Clara H. Scott	Lagu Sion	[0,1,2,3,4,5]
LSEB_252	252. Ku Memilih Yesus	Rhea F. Miller	Lagu Sion	[0,1,2]
LSEB_253	253. Aku Tak Akan Tinggalkan	Anonymous	Lagu Sion	[0,1,2,3]
LSEB_254	254. Dalam Hatiku Ada Lagu	Elton M. Roth	Lagu Sion	[0,1,2]
LSEB_255	255. Buangkan Dunia, Trima Yesus	Fanny J. Crosby	Lagu Sion	[0,1,2,3]
LSEB_256	256. Ku Lihat Darah Mengalir	Mrs. Phoebe Palmer	Lagu Sion	[0,1,2,3]
LSEB_257	257. Aku Dengar Yesus Panggil	E. W. Blandly	Lagu Sion	[0,1,2,3]
LSEB_258	258. Janganlah Tawar Hatimu	Frances Ridley Havergal	Lagu Sion	[0,1,2]
LSEB_259	259. Sebagaimana Ku Ada	Charlotte Elliot	Lagu Sion	[0,1,2,3,4,5]
LSEB_260	260. Bawa Persembahanmu	M.G.L	Lagu Sion	[0,1,2]
LSEB_261	261. Hati Yang Memuji Allah	Charles Wesley	Lagu Sion	[0,1,2,3]
LSEB_262	262. Hai Saudara Mengapa?	LS. Edisi Baru	Lagu Sion	[0,1,2,3]
LSEB_263	263. Bila Selesai Tugas Kerjaku	Charles H. Gabriel	Lagu Sion	[0,1,2]
LSEB_264	264. Aku Tak Cinta Dunia	M.A.K	Lagu Sion	[0,1,2]
LSEB_265	265. Kami Datang Pada-Mu	Frances Ridley Havergal	Lagu Sion	[0,1,2,3,4]
LSEB_266	266. Bawa Sgala Persepuluhanmu	Helen. E. Rasmussen	Lagu Sion	[0,1,2,3]
LSEB_267	267. Tarik Jiwa Satu	Ira D. Sankey	Lagu Sion	[0,1,2]
LSEB_268	268. Pada Saat Berdoa	Fanny J. Crosby	Lagu Sion	[0,1,2,3]
LSEB_269	269. Berjalanlah Di Dalam Trang	Bernard Barton	Lagu Sion	[0,1,2,3]
LSEB_270	270. Dosamu Dihapuskan	Fanny J. Crosby	Lagu Sion	[0,1,2]
LSEB_271	271. Jadilah Tuhan Kehendak-Mu	Adeleide Pollard	Lagu Sion	[0,1,2,3]
LSEB_272	272. Bahagia Hari Itu	Philip Doddrige	Lagu Sion	[0,1,2,3]
LSEB_273	273. Dengar Lonceng Surga	Rev. W. O. Cushing	Lagu Sion	[0,1,2]
LSEB_274	274. Mengapa Darah-Mu Yesus	Isaac Watts	Lagu Sion	[0,1,2,3,4]
LSEB_275	275. Tolonglah Aku Ya Allah	Robert Robinson	Lagu Sion	[0,1,2]
LSEB_276	276. Darah Yesus Tlah Tertumpah	William Cowper	Lagu Sion	[0,1,2,3,4]
LSEB_277	277. Betapa Snang Aku Kabarkan	Fanny Crosby	Lagu Sion	[0,1,2,3]
LSEB_278	278. Di Tepian Sungai Yordan	Samuel Stennett	Lagu Sion	[0,1,2,3]
LSEB_279	279. Kristus Tlah Slamatkan	Priscilla J. Owens	Lagu Sion	[0,1,2,3]
LSEB_280	280. Muliakan Allah	Fanny J. Crosby	Lagu Sion	[0,1,2]
LSEB_281	281. Bila Pandang Salib Yesus	William Brickey	Lagu Sion	[0,1,2,3]
LSEB_282	282. Hai Skalian Orang	Isaac Watts	Lagu Sion	[0,1,2,3]
LSEB_283	283. Siapa Yang Mendengar, Serukanlah	P. P Bliss	Lagu Sion	[0,1,2]
LSEB_284	284. Eden, Taman Yang Terindah	W. O. Chusing	Lagu Sion	[0,1,2]
LSEB_285	285. Ku Dengar Lagu Yang Merdu	P. P Bilhorn	Lagu Sion	[0,1,2,3]
LSEB_286	286. Bila Yesus Akan Mengumpulkan	Harriet B. M. Keever	Lagu Sion	[0,1,2]
LSEB_287	287. Satu Saja Ku Ingini	Walter C. Smith	Lagu Sion	[0,1,2,3]
LSEB_288	288. Aku Puji Penebusku	Philip P. Bliss	Lagu Sion	[0,1,2]
LSEB_289	289. Brani Hati Karna Benar	G. Lansing Taylor	Lagu Sion	[0,1,2]
LSEB_290	290. Duduk Dekat Kaki Yesus	J. H	Lagu Sion	[0,1,2]
LSEB_291	291. Siapa Masuk Pintu Gerbang?	G. M. J	Lagu Sion	[0,1,2,3]
LSEB_292	292. Bila Laut Kehidupanmu Berglombang	Johnson Oatman, Jr.	Lagu Sion	[0,1,2,3]
LSEB_293	293. Perhubungan Kita	John Fawcett	Lagu Sion	[0,1,2,3]
LSEB_294	294. Ku Yakin Bapa Pasti Tau	S. M. I Henry	Lagu Sion	[0,1,2,3]
LSEB_295	295. Sahabat, Teman, Pemimpin	Arthur W. Spalding	Lagu Sion	[0,1,2]
LSEB_296	296. Nama Yesus Amat Indah	W. C Martin	Lagu Sion	[0,1,2,3]
LSEB_297	297. Ada Satu Pintu Gerbang	Lilian Baxter	Lagu Sion	[0,1,2,3]
LSEB_298	298. Slamat Di Lengan Yesus	Fanny J. Crosby	Lagu Sion	[0,1,2]
LSEB_299	299. Ku Lihat Yesus	A. H. Ackley	Lagu Sion	[0,1]
LSEB_300	300. Di Surga Tempat Yang Baka	W. H. Bellamy	Lagu Sion	[0,1,2,3]
LSEB_301	301. Senang Berbakti Di Sini	Fred Pratt Green	Lagu Sion	[0,1]
LSEB_302	302. Pertahankan Benteng	P. P Bliss	Lagu Sion	[0,1,2,3]
LSEB_303	303. Dalam Naung-Nya	W. O Cusing	Lagu Sion	[0,1,2]
LSEB_304	304. Dengarlah Suara Yesus	Daniel March	Lagu Sion	[0,1,2,3]
LSEB_305	305. Putra Sion Kerjakanlah Tugasmu	Mary A. Thompson	Lagu Sion	[0,1,2,3]
LSEB_306	306. Angkat Dia Hingga Nyata	May E. Warren	Lagu Sion	[0,1,2,3]
LSEB_307	307. Penjaga Bunyikan Trompet	H. L. Gilmour	Lagu Sion	[0,1,2,3]
LSEB_308	308. Biarkan Aku Pergi	I Baltzell	Lagu Sion	[0,1,2,3]
LSEB_309	309. Betapa Merdu Suara	William J. Kirkpatrick	Lagu Sion	[0,1,2,3,4]
LSEB_310	310. Tariklah Aku, Ya Bapaku	Mrs. E. W. Chapman	Lagu Sion	[0,1,2]
LSEB_311	311. Aku Mengasihi Tuhan	Francess Ridley Havergal	Lagu Sion	[0,1,2,3]
LSEB_312	312. Ku Bersuka Sebab Bapa Kita	P. P Bliss	Lagu Sion	[0,1,2]
LSEB_313	313. Aku Mau Yesus Sertaku	Lizzie Edwards Durt	Lagu Sion	[0,1,2,3]
LSEB_314	314. Dalam Sibuk Kehidupan	Frank M. North	Lagu Sion	[0,1,2,3,4]
LSEB_315	315. Orang Asing Di Pintu	J. B. Atchinson	Lagu Sion	[0,1,2,3]
LSEB_316	316. Bawalah Yang Hilang	Alexcenah Thomas	Lagu Sion	[0,1,2]
LSEB_317	317. Aku Pengembara	Tomas R. Taylor	Lagu Sion	[0,1,2]
LSEB_318	318. Jangan Ditaklukkan	Horatio R. Palmer	Lagu Sion	[0,1,2]
LSEB_319	319. Mari Kita Kerja Bagi Tuhan	LS. Edisi Baru	Lagu Sion	[0,1,2]
LSEB_320	320. Rahmat Bapa Bercahaya	P. P Bliss	Lagu Sion	[0,1,2]
LSEB_321	321. Jauh Dan Dekat, Tampak Sudah	J. O. Thompson	Lagu Sion	[0,1,2]
LSEB_322	322. Dari Timur Dan Barat	Reginald Heber	Lagu Sion	[0,1,2,3]
LSEB_323	323. Tolonglah Yang Sesat	Fanny J. Crosby	Lagu Sion	[0,1,2,3]
LSEB_324	324. Betapa Indahnya	Isaac Watts	Lagu Sion	[0,1,2,3]
LSEB_325	325. Hai Mana Penyabit	Eben E. Rexford	Lagu Sion	[0,1,2,3]
LSEB_326	326. Berusahalah Kamu	Mrs. Anna L. Coghill	Lagu Sion	[0,1,2]
LSEB_327	327. Tabur Waktu Pagi	Knowless Shaw	Lagu Sion	[0,1,2]
LSEB_328	328. Aku Mau Membagikan Imanku	J. H. H	Lagu Sion	[0]
LSEB_329	329. Kerjalah! Kerjalah!	Fanny J. Crosby	Lagu Sion	[0,1,2,3]
LSEB_330	330. Sbagai Pohon Tanaman Roh	Timothy Dudley Smith	Lagu Sion	[0,1,2,3]
LSEB_331	331. Ada Kisah Kami Mau Critakan	Coling Sterne	Lagu Sion	[0,1,2,3]
LSEB_332	332. Masyhurkanlah Yesus	Samuel Wolcott	Lagu Sion	[0,1,2]
LSEB_333	333. Critakanlah Padaku	Katherine Hankey	Lagu Sion	[0,1,2]
LSEB_334	334. Roh Kudus Slalu Ada	Brian Wren	Lagu Sion	[0,1,2,3,4,5,6]
LSEB_335	335. Dalam Kerja Rajaku	A. H. Ackley	Lagu Sion	[0,1,2,3]
LSEB_336	336. Yesus Sahabat Manusia	J. Wilbur Chapman	Lagu Sion	[0,1,2,3]
LSEB_337	337. Maju Serta Yesus	G. B. Timms	Lagu Sion	[0,1,2]
LSEB_338	338. Rumah Tangga Bahagia	Henry Ware, the younger	Lagu Sion	[0,1,2,3]
LSEB_339	339. Milik Tuhan, Bukan Aku	John Greenleaf Whittier	Lagu Sion	[0,1,2,3,4]
LSEB_340	340. Sabat Hari Perhentian	L. E. C. Joers	Lagu Sion	[0,1,2,3]
LSEB_341	341. Hari Perhentian Allah	F. E. Belden	Lagu Sion	[0,1,2,3,4]
LSEB_342	342. Ku Suka Sabat-Mu	Myrtle H. Dorland	Lagu Sion	[0,1,2,3,4]
LSEB_343	343. Enam Hari Sudah Lalu	S. Stennett	Lagu Sion	[0,1,2,3]
LSEB_344	344. Sabat Tuhan Yang Pnuh Berkat	Frederick M. A. Venue	Lagu Sion	[0,1,2,3]
LSEB_345	345. Oh Hari Perhentian	Christopher Wordsworth	Lagu Sion	[0,1,2]
LSEB_346	346. Bagai Burung Terbang	David Levy	Lagu Sion	[0,1,2,3]
LSEB_347	347. Ingat Hari Sabat	Fanny J. Crosby	Lagu Sion	[0,1,2]
LSEB_348	348. Trang Besar Bercahaya	Benjamin Schmolck	Lagu Sion	[0,1,2]
LSEB_349	349. Datanglah Lagi Hari Yang Suci	William Mason	Lagu Sion	[0,1,2,3]
LSEB_350	350. Satu Minggu Yang Lalu	John Newton	Lagu Sion	[0,1,2,3]
LSEB_351	351. Selamat Datang	John Dobell's Selection	Lagu Sion	[0,1,2]
LSEB_352	352. Hebat Hari Penghukuman	John Newton	Lagu Sion	[0,1,2,3]
LSEB_353	353. Engkau Tahu Tuhan Pemurah	C. A. Alington	Lagu Sion	[0,1,2]
LSEB_354	354. Bapa, Pimpinlah Aku	John P. Hopps	Lagu Sion	[0,1,2,3]
LSEB_355	355. Dengarkanlah Sabda-Nya	Georger Wallace Briggs	Lagu Sion	[0,1,2]
LSEB_356	356. Tuhan, Kasihanilah Kami Ini	George J. Elvey	Lagu Sion	[0]
LSEB_357	357. Kasih Yang Bahagiakan	F. E. Belden	Lagu Sion	[0,1,2]
LSEB_358	358. Pada-Mu Batu Zaman	Augustus M. Toplady	Lagu Sion	[0,1,2,3]
LSEB_359	359. Aku Perlu Yesus	George O. Webster	Lagu Sion	[0,1,2]
LSEB_360	360. Ada Negri Amat Indah	Edgar Page	Lagu Sion	[0,1,2,3]
LSEB_361	361. Sesudah Malam	Virgil P. Brock	Lagu Sion	[0,1,2,3]
LSEB_362	362. Aku Pikirkan Skarang	E. E Hewitt	Lagu Sion	[0,1,2]
LSEB_363	363. Yerusalem, Oh Rumahku	Annabel M. Buchanan	Lagu Sion	[0,1,2,3]
LSEB_364	364. Bukit–bukit Yang Permai	J. G. C	Lagu Sion	[0,1,2]
LSEB_365	365. Yerusalem Yang Mulia	John M. Neale	Lagu Sion	[0,1,2,3]
LSEB_366	366. Lebih Dekat, Lebih Indah	Jesse P. Tompkins	Lagu Sion	[0,1,2]
LSEB_367	367. Di Pantai Nan Indah	S. F. Bennet	Lagu Sion	[0,1,2]
LSEB_368	368. Di Negri Yang Cemerlang	John R. Clements	Lagu Sion	[0,1,2,3]
LSEB_369	369. Di Kota Allah Yang Indah	William Hunter	Lagu Sion	[0,1,2,3]
LSEB_370	370. Oh Brapa Jauh Dari Rumah?	Annie R. Smith	Lagu Sion	[0,1,2,3]
LSEB_371	371. Aku Klak Pandang Raja Surga	W. C Poole	Lagu Sion	[0,1,2]
LSEB_372	372. Sebrang Langit Biru	A. B. S	Lagu Sion	[0,1]
LSEB_373	373. Ya Di Sana	H. de. F	Lagu Sion	[0,1,2,3]
LSEB_374	374. Aku Mau Pulang	Warner Cole	Lagu Sion	[0]
LSEB_375	375. Sudah Dekatlah Rumah Di Surga	C. P Whitford	Lagu Sion	[0,1,2]
LSEB_376	376. Suci, Suci, Malaikat Memuji	Johnson Oatman, Jr	Lagu Sion	[0,1,2,3]
LSEB_377	377. Rumah Kekal	Hugh R. Haweis	Lagu Sion	[0,1,2]
LSEB_378	378. Rumahku Indah Di Surga	William Hunter	Lagu Sion	[0,1,2]
LSEB_379	379. Lihatlah Rajamu Datang	Thomas Hastings	Lagu Sion	[0,1,2]
LSEB_380	380. Bersabdalah Ya Tuhan	Tobias Clausnitzer	Lagu Sion	[0,1,2]
LSEB_381	381. Kita Tak kan Tau	F. E. Belden	Lagu Sion	[0,1,2]
LSEB_382	382. Atas Gunung Mengembara	Annie R. Smiyh	Lagu Sion	[0,1,2,3]
LSEB_383	383. Hai Angkatlah Kepalamu	George Weissel	Lagu Sion	[0,1,2,3,4]
LSEB_384	384. Ku Berkelana	Mary S. B. Dana	Lagu Sion	[0,1,2]
LSEB_385	385. Kita Hidup Skarang Ini	Arthur C. Coxe	Lagu Sion	[0,1,2,3,4]
LSEB_386	386. Tak kan Berpisah Lagi	Isaac Watts	Lagu Sion	[0,1,2]
LSEB_387	387. Mari Hidup Rukun, Damai	Millenia Harp	Lagu Sion	[0,1,2,3]
LSEB_388	388. Betapa Indahnya Lagu Surgawi	James White	Lagu Sion	[0,1,2]
LSEB_389	389. Satu Masa Yang Tertentu	Fanny J. Crosby	Lagu Sion	[0,1,2]
LSEB_390	390. Angkat Nafiri	Jessie E. Strout	Lagu Sion	[0,1]
LSEB_391	391. Aku Suka Critakan	Katherine Hankey	Lagu Sion	[0,1,2,3]
LSEB_392	392. Lebih Kasih Tuhan, Kepada-Mu	Mrs. E. Prentiss	Lagu Sion	[0,1,2,3]
LSEB_393	393. Aku Ada Sahabat	Mrs L. Shorey	Lagu Sion	[0,1,2,3]
LSEB_394	394. Hai Jiwaku, Tuhan Di Sisimu	Katharina Von Schlegel	Lagu Sion	[0,1,2]
LSEB_395	395. Damai, Damai Ajaib	W. D. Cornell	Lagu Sion	[0,1,2,3]
LSEB_396	396. Raja Damai Tuntunlah	Melvin West	Lagu Sion	[0,1,2]
LSEB_397	397. Betapa Teguh Persatuannya	E. A. Hoffman	Lagu Sion	[0,1,2]
LSEB_398	398. Kalau Kau Mau Senang	J. D. C	Lagu Sion	[0,1]
LSEB_399	399. Ada Sinar Dalam Jiwaku	E. E. Hewitt	Lagu Sion	[0,1,2,3]
LSEB_400	400. Bukalah Hatimu	LS. Edisi Baru	Lagu Sion	[0,1]
LSEB_401	401. Bapaku Kaya Rumah Dan Tanah	Hattie E. Buel	Lagu Sion	[0,1,2,3]
LSEB_402	402. Ingat Slalu Nama Yesus	Lilian Baxter	Lagu Sion	[0,1,2,3]
LSEB_403	403. Sering Ku Dengar Lagu	E. E. Rexford	Lagu Sion	[0,1,2]
LSEB_404	404. Ya Allah Aku Mau Datang Dekat	Sarah F. Adams	Lagu Sion	[0,1,2,3,4]
LSEB_405	405. Ada Balsem Di Gilead	American Negro Spiritual	Lagu Sion	[0,1]
LSEB_406	406. Beban Terangkat Di Kalvari	John M. Moore	Lagu Sion	[0,1,2]
LSEB_407	407. Duka	Francess Ridley Havergal	Lagu Sion	[0,1,2]
LSEB_408	408. Berdiam, Berdiam	Fanny J. Crosby	Lagu Sion	[0,1,2,3]
LSEB_409	409. Ku kan Critakan Kepada Yesus	Elisha A. Hoffman	Lagu Sion	[0,1,2]
LSEB_410	410. Ya Matahari Jiwaku	John Keble	Lagu Sion	[0,1,2,3]
LSEB_411	411. Aku Masuk Dalam Taman	C. Austin Miles	Lagu Sion	[0,1,2]
LSEB_412	412. Kami Sembah Sujud Allah	L. E. Froom	Lagu Sion	[0]
LSEB_413	413. Yesus Yang Penuh Kasih	Charles Wesley	Lagu Sion	[0,1,2,3]
LSEB_414	414. Kupercaya	Charles Wesley	Lagu Sion	[0,1,2,3,4,5]
LSEB_415	415. Ku Harap Pada-Mu	Annie S. Hawks	Lagu Sion	[0,1,2,3]
LSEB_416	416. Ku Perlu Engkau, Yesus	Frederick Whitfield	Lagu Sion	[0,1,2]
LSEB_417	417. Bak Wanita Di Sumur	Richard Blanchard	Lagu Sion	[0,1,2]
LSEB_418	418. Semua Milik-Mu Tuhan	Christ in Song	Lagu Sion	[0]
LSEB_419	419. Bapa Ajarlah Aku	James Montgomery	Lagu Sion	[0,1,2,3]
LSEB_420	420. Tuhan, Biarlah Hamba-Mu	Ernest E. Ryden	Lagu Sion	[0,1]
LSEB_421	421. Ada Tempat Diam Teduh	C. B. McAfee	Lagu Sion	[0,1,2]
LSEB_422	422. Yesus Sahabat Terindah	John M. Scriven	Lagu Sion	[0,1,2]
LSEB_423	423. Sucikan Hatimu	W. D Longstaff	Lagu Sion	[0,1,2,3]
LSEB_424	424. Kuperlu Doa Kasihku	James D. Vaughan	Lagu Sion	[0,1,2]
LSEB_425	425. Bersabdalah, Ya Yesus	Frances Ridley Havergal	Lagu Sion	[0,1,2]
LSEB_426	426. Pertama Ku Mohon	Mrs E. D. Cheney	Lagu Sion	[0,1,2,3,4]
LSEB_427	427. Ku Perlu Pada-Mu Tuhan	F. E. Belden	Lagu Sion	[0,1,2,3]
LSEB_428	428. Taman Tempat Berdoa	Eleanor Allen Schroll	Lagu Sion	[0,1,2]
LSEB_429	429. Berjagalah Skarang	LS. Edisi Baru	Lagu Sion	[0,1,2]
LSEB_430	430. Bisik Doa Waktu Pagi	Frances Rudley Havergal	Lagu Sion	[0,1,2]
LSEB_431	431. Ya Yesus, Ku Berjanji	John E. Bode	Lagu Sion	[0,1,2]
LSEB_432	432. Saat Penghakiman	James Montgomery	Lagu Sion	[0,1,2]
LSEB_433	433. Inilah Jam Ku Berdoa	William W. Walford	Lagu Sion	[0,1,2]
LSEB_434	434. Ya Allah Kota Yang Teguh	Marthin Luther	Lagu Sion	[0,1,2]
LSEB_435	435. Jalan Serta Yesus Slalu Sejahtra	Jessie H. Brown	Lagu Sion	[0,1,2]
LSEB_436	436. Bila Ku Perlu Yesus Dekat	William Poole	Lagu Sion	[0,1,2,3]
LSEB_437	437. Ia Allah Tak kan Gagal	C. E. Mason Jr	Lagu Sion	[0,1]
LSEB_438	438. Tuhan Slalu Pimpin Aku	Fanny J. Crosby	Lagu Sion	[0,1,2]
LSEB_439	439. Ku Percaya Engkau	Ray Palmer	Lagu Sion	[0,1,2]
LSEB_440	440. Pegang Teguh Janji Kristus	R. Kelso Carter	Lagu Sion	[0,1,2]
LSEB_441	441. Setiap Saat Dalam Kasih-Nya	Daniel W. Whittle	Lagu Sion	[0,1,2,3]
LSEB_442	442. Tak Ku Mengerti Rahmat-Nya	Daniel W. Whittle	Lagu Sion	[0,1,2,3]
LSEB_443	443. Aku Membangun Harapan	Edward Mote	Lagu Sion	[0,1,2,3]
LSEB_444	444. Ku Alaskan Percayaku	Lidie H. Edmunds	Lagu Sion	[0,1,2,3]
LSEB_445	445. Percaya Yang Menang	John H. Yates	Lagu Sion	[0,1,2,3]
LSEB_446	446. Allah Utus Yesus Putra-Nya	Gloria Gaither	Lagu Sion	[0,1]
LSEB_447	447. Baik Berharap Pada Yesus	Louisa M. R. Stead	Lagu Sion	[0,1,2,3]
LSEB_448	448. Tuhan Batu Karang Kita	Vermon J. Charlesworth	Lagu Sion	[0,1,2,3]
LSEB_449	449. Tiap Hari Aku Slalu Berjalan	Carolina Sandell Berg	Lagu Sion	[0,1,2]
LSEB_450	450. Bri Ku Berjalan Dengan-Mu	Washington Gladden	Lagu Sion	[0,1,2,3]
LSEB_451	451. Apakah Jangkarmu Akan Tahan?	Priscilla J. Owens	Lagu Sion	[0,1,2]
LSEB_452	452. Yesus Tak Pernah Gagal	A. A. Luther	Lagu Sion	[0,1,2]
LSEB_453	453. Rindu Pada Yesus	H. de. F	Lagu Sion	[0,1,2,3]
LSEB_454	454. Hatiku Rindu	Dorothy Masters	Lagu Sion	[0,1]
LSEB_455	455. Pada Saat Damai Perjalananku	Horatio G. Spafford	Lagu Sion	[0,1,2,3]
LSEB_456	456. Kita Membangun Di Batu Karang	F. E. Belden	Lagu Sion	[0,1,2]
LSEB_457	457. Tuhan Pimpin Spanjang Jalan	J. H. Gilmore	Lagu Sion	[0,1,2,3]
LSEB_458	458. Laskar Kristus Bangun	Charles Wesley	Lagu Sion	[0,1,2]
LSEB_459	459. Bri Aku Jalan Serta-Mu	Mrs. L. D. Avery Shuttle	Lagu Sion	[0,1,2]
LSEB_460	460. Yesus, Kemudikanlah	Edward Hopper	Lagu Sion	[0,1,2]
LSEB_461	461. Tuhan Adalah Gembalaku	Scottish Psalter	Lagu Sion	[0,1,2,3,4]
LSEB_462	462. Ku Mencari Juruslamat	Mrs. L.M. B Bateman	Lagu Sion	[0,1,2]
LSEB_463	463. Kalau Serta Tuhan	J. H. Sammis	Lagu Sion	[0,1,2,3]
LSEB_464	464. Jaminan Berkat Tuhan Janji	Fanny J. Crosby	Lagu Sion	[0,1,2]
LSEB_465	465. Karna Bumi Yang Indah	Folliot S. Pierpoint	Lagu Sion	[0,1,2]
LSEB_466	466. Mari Puji Allah	Martin Rinkart	Lagu Sion	[0,1,2]
LSEB_467	467. Janganlah Lewatkan Aku	Fanny J. Crosby	Lagu Sion	[0,1,2,3]
LSEB_468	468. Hanya Kristus	A. A. F	Lagu Sion	[0,1,2,3]
LSEB_469	469. Bri Yang Terbaik Untuk Tuhan	Howard B. Grose	Lagu Sion	[0,1,2]
LSEB_470	470. Ke Manapun Ku Mau Pergi, Tuhan	Mary Brown	Lagu Sion	[0,1,2]
LSEB_471	471. Berdiri Karna Yesus	George Dufield	Lagu Sion	[0,1,2]
LSEB_472	472. Tuhan Mengutus Engkau	E. Margaret Clarkson	Lagu Sion	[0,1,2,3]
LSEB_473	473. Pada Masa Seperti Skarang	Ruth Caye Jones	Lagu Sion	[0,1,2,3,4,5]
LSEB_474	474. Tuhan Di Hadirat-Mu Ku Bersuka	Joseph Swain	Lagu Sion	[0,1,2,3]
LSEB_475	475. Perhatikan Tanda Akhir Zaman	F. E. Belden	Lagu Sion	[0,1,2]
LSEB_476	476. Akukah Laskar Salib-Nya?	Isaac Watts	Lagu Sion	[0,1,2,3,4,5]
LSEB_477	477. Hai Waris Surga	Lowell Mason	Lagu Sion	[0,1,2,3]
LSEB_478	478. Biarlah Lampumu Makin Trang	F. E. Belden	Lagu Sion	[0,1,2,3]
LSEB_479	479. Hai Kristen, Jaga!	Fanny J. Crosby	Lagu Sion	[0,1,2]
LSEB_480	480. Bangun Umat Allah	William P. Merill	Lagu Sion	[0,1,2,3]
LSEB_481	481. Jagalah Hai Umat Allah	Mrs. Phoebe Palmer	Lagu Sion	[0,1,2,3]
LSEB_482	482. Bergembiralah Kamu	Laurentius Laurenti	Lagu Sion	[0,1,2,3]
LSEB_483	483. Sorakkanlah Prang	William F. Sherwin	Lagu Sion	[0,1,2]
LSEB_484	484. Aku Senang Dan Girang Selalu	S. W. G	Lagu Sion	[0,1]
LSEB_485	485. Maju Laskar Kristus	Sabine Baring-Gould	Lagu Sion	[0,1,2,3]
LSEB_486	486. Tuhan, Ini Persembahan Kami	Alberth F. Bayly	Lagu Sion	[0,1,2]
LSEB_487	487. Maha Besar Allah	Daniel C. Roberts	Lagu Sion	[0,1,2,3]
LSEB_488	488. Khalik Dan Rajaku	Anne Steele	Lagu Sion	[0,1,2,3]
LSEB_489	489. Mataku Tlah Melihat	Julia Ward Howe	Lagu Sion	[0,1,2]
LSEB_490	490. Betapa Bahagianya Di Rumah Tangga	John H. McNaughton	Lagu Sion	[0,1,2]
LSEB_491	491. Di Rumah	Jacob Breiter	Lagu Sion	[0,1,2,3,4]
LSEB_492	492. Kasih-Mu Tuhan	Dorothy Blomfield Gurney	Lagu Sion	[0,1,2]
LSEB_493	493. Doa Ibu	W. Van De Venter	Lagu Sion	[0,1,2,3,4,5,6,7]
LSEB_494	494. Di Dalam Sengsara Dan Keluhanku	John Howard Payne	Lagu Sion	[0,1,2]
LSEB_495	495. Sungguh Senang Hatiku	A. H. Ackley	Lagu Sion	[0,1,2]
LSEB_496	496. Yesus Sahabat Terindah	Joseph Scriven	Lagu Sion	[0,1,2]
LSEB_497	497. Mari Puji Raja Surga	Henry Francis Lyle	Lagu Sion	[0,1,2,3]
LSEB_498	498. Pemuda Skalian	C. Harold Lowden	Lagu Sion	[0,1,2,3]
LSEB_499	499. Trang Dari Surga	Charles E. Fuller	Lagu Sion	[0,1]
LSEB_500	500. Pemuda Majulah	A. W. Spalding	Lagu Sion	[0,1,2]
LSEB_501	501. Kumpulan Orang Muda	C. Lester Bond	Lagu Sion	[0,1,2,3]
LSEB_502	502. Karena Allah Kasih	C. Austin Miles	Lagu Sion	[0,1]
LSEB_503	503. Pandu-pandu	Henry T. Bergh	Lagu Sion	[0,1]
LSEB_504	504. Tiada Sahabat Seperti Yesus	Johnson Oatman	Lagu Sion	[0,1,2]
LSEB_505	505. Kita Maju Bersama	John H. Hancock	Lagu Sion	[0]
LSEB_506	506. Semua Orang Harus Tau	Harry Dicxon Loes	Lagu Sion	[0,1]
LSEB_507	507. Ku Tau Nama Yesus Terindah	Lela Long	Lagu Sion	[0,1]
LSEB_508	508. Tuhan, Bri Kami Setia	Henry de Fluiter	Lagu Sion	[0,1]
LSEB_509	509. Dalam Hati	Harry D. Clarke	Lagu Sion	[0,1,2,3]
LSEB_510	510. Lebar Sperti Lautan	C. Austin Miles	Lagu Sion	[0,1]
LSEB_511	511. Ajaib Engkau Ya Yesus	Benyamin A. Baur	Lagu Sion	[0,1]
LSEB_512	512. Apa Yang Dunia Perlu	Benjamin A. Baur	Lagu Sion	[0,1]
LSEB_513	513. Sabat Diciptakan Allah	Isaac Watts	Lagu Sion	[0]
LSEB_514	514. Kami Persembahkan Berkat-Mu	William Walsham How	Lagu Sion	[0]
LSEB_515	515. Tuhan Ada Dalam Bait Allah	George F. Root	Lagu Sion	[0]
LSEB_516	516. Dengar Ya Tuhan	George Whelpton	Lagu Sion	[0]
LSEB_517	517. Dengar Ya Tuhan Kami Berdoa	Frederick A. Jackson	Lagu Sion	[0]
LSEB_518	518. Sucilah Tuhan	John Philip Neuman	Lagu Sion	[0,1]
LSEB_519	519. Tuhan Memberkati Dan Melindungimu	Peter C. Lutkin	Lagu Sion	[0]
LSEB_520	520. Kami Datang Dalam Doa	Ralph Carmichael	Lagu Sion	[0]
LSEB_521	521. Kiranya Allah Dalam Pikiranku	Sarum Primer	Lagu Sion	[0]
LSEB_522	522. Curahkan Berkat-Mu Ya Tuhan	L. E. Froom	Lagu Sion	[0]
LSEB_523	523. Tuhan Dengar Doa Kami	Felix Mendelssohn	Lagu Sion	[0]
LSEB_524	524. Datanglah Ya Roh Allah	Daniel Iverson	Lagu Sion	[0]
LSEB_525	525. Masyhurkan Karunia-Nya	Bruce Ashton	Lagu Sion	[0]
